[
    {
        "id": 1,
        "nama": "ee3e",
        "harga_asli": 230000,
        "harga_diskon": 220000,
        "gambar": "uploads\/693776592b7a0_id-11134207-8224w-mgf3qk7fljbi15.jpeg",
        "kategori": "Fashion",
        "stok": 21,
        "rating": 0,
        "rating_count": 0,
        "deskripsi": "vfvvww",
        "created_at": "2025-12-09 01:07:37",
        "updated_at": "2025-12-09 01:07:37",
        "gambar_lain": [
            "uploads\/693776592b7f9_id-11134207-81ztd-mfks31gtgh708e.jpeg",
            "uploads\/693776592b81a_whoppy-sl59-sepatu-sneakers-pria-import-free-box-foto.jpg",
            "uploads\/693776592b83a_id-11134207-81ztm-mfg9rpq166mm35.jpeg"
        ],
        "varian": {
            "ukuran_detil": [
                {
                    "nama": "23",
                    "harga": 220000,
                    "stok": 7
                },
                {
                    "nama": "23",
                    "harga": 220000,
                    "stok": 2
                },
                {
                    "nama": "1",
                    "harga": 220000,
                    "stok": 12
                }
            ]
        }
    },
    {
        "id": 2,
        "nama": "topi",
        "harga_asli": 23000,
        "harga_diskon": 22000,
        "gambar": "uploads\/69377739f3d70_pp.webp",
        "kategori": "Sepatu",
        "stok": 20,
        "rating": 4,
        "rating_count": 10,
        "deskripsi": "lalala",
        "created_at": "2025-12-09 01:11:21",
        "updated_at": "2025-12-09 01:11:21",
        "varian": {
            "ukuran": [
                "S",
                "M",
                "L",
                "XL"
            ],
            "warna": [
                "hitam",
                "putih"
            ],
            "lainnya": [
                "Original"
            ]
        },
        "spesifikasi": {
            "material": "kulit",
            "warna_tersedia": "hitam,putih",
            "berat": 100,
            "dimensi": "30x20x10",
            "garansi": "2 tahun"
        },
        "link_marketplace": {
            "shopee": "https:\/\/shopee.co.id",
            "tokopedia": "https:\/\/tokopedia.com"
        }
    }
]