[
    {
        "order_id": "ORD-20251209-893182",
        "product_id": "2",
        "product_name": "topi",
        "product_price": 22000,
        "quantity": 1,
        "selected_size": "M",
        "selected_color": "putih",
        "selected_other": "Original",
        "total_price": 37000,
        "payment_method": "bank_transfer",
        "payment_details": {
            "bank_name": "bni"
        },
        "customer_name": "sqsw",
        "customer_phone": "sqsq",
        "customer_email": "catatannewbie566@gmail.com",
        "customer_address": "Jalan Margorejo III E",
        "province": "Surabaya",
        "city": "Surabaya",
        "postal_code": "60238",
        "status": "pending",
        "created_at": "2025-12-09 02:12:57"
    },
    {
        "order_id": "ORD-20251209-8DB568",
        "product_id": "2",
        "product_name": "topi",
        "product_price": 22000,
        "quantity": 2,
        "selected_size": "L",
        "selected_color": "putih",
        "selected_other": "Original",
        "total_price": 59000,
        "payment_method": "bank_transfer",
        "payment_details": {
            "bank_name": "mandiri"
        },
        "customer_name": "sqsw",
        "customer_phone": "082233038659",
        "customer_email": "wibyjoe12@gmail.com",
        "customer_address": "Jalan Margorejo III E",
        "province": "Surabaya",
        "city": "Surabaya",
        "postal_code": "60238",
        "status": "pending",
        "created_at": "2025-12-09 02:40:48"
    },
    {
        "order_id": "ORD-20251209-AA3EE3",
        "product_id": "2",
        "product_name": "topi",
        "product_price": 22000,
        "quantity": 1,
        "selected_size": "L",
        "selected_color": "putih",
        "selected_other": "Original",
        "total_price": 37000,
        "payment_method": "crypto",
        "payment_details": {
            "wallet_type": "bitcoin",
            "amount": "21.999999",
            "sender_address": "Jalan Margorejo III E"
        },
        "customer_name": "sqsw",
        "customer_phone": "082233038659",
        "customer_email": "wibyjoe12@gmail.com",
        "customer_address": "Jalan Margorejo III E",
        "province": "Surabaya",
        "city": "Surabaya",
        "postal_code": "60238",
        "status": "pending",
        "created_at": "2025-12-09 02:42:09"
    },
    {
        "order_id": "ORD-20251209-D91445",
        "product_id": "2",
        "product_name": "topi",
        "product_price": 22000,
        "quantity": 3,
        "selected_size": "XL",
        "selected_color": "putih",
        "selected_other": "Original",
        "total_price": 81000,
        "payment_method": "crypto",
        "payment_details": {
            "wallet_type": "bitcoin",
            "amount": "0.000003",
            "sender_address": "wewewew"
        },
        "customer_name": "sqsw",
        "customer_phone": "082233038659",
        "customer_email": "wibyjoe12@gmail.com",
        "customer_address": "Jalan Margorejo III E",
        "province": "Surabaya",
        "city": "Surabaya",
        "postal_code": "60238",
        "payment_proof": "crypto_ORD-20251209-D91445_1765248469.jpeg",
        "status": "pending",
        "created_at": "2025-12-09 02:47:49"
    },
    {
        "order_id": "ORD-20251209-30B499",
        "product_id": "2",
        "product_name": "topi",
        "product_price": 22000,
        "quantity": 3,
        "selected_size": "XL",
        "selected_color": "putih",
        "selected_other": "Original",
        "total_price": 81000,
        "payment_method": "crypto",
        "payment_details": {
            "wallet_type": "bitcoin",
            "amount": "0.000003",
            "sender_address": "wewewew"
        },
        "customer_name": "sqsw",
        "customer_phone": "082233038659",
        "customer_email": "wibyjoe12@gmail.com",
        "customer_address": "Jalan Margorejo III E",
        "province": "Surabaya",
        "city": "Surabaya",
        "postal_code": "60238",
        "payment_proof": "crypto_ORD-20251209-30B499_1765248571.jpeg",
        "status": "pending",
        "created_at": "2025-12-09 02:49:31"
    },
    {
        "order_id": "ORD-20251212-6343A0",
        "product_id": "1",
        "product_name": "Sepatu sehari hari ",
        "product_price": 232000,
        "quantity": 1,
        "selected_size": "",
        "selected_color": "",
        "selected_other": "",
        "total_price": 247000,
        "payment_method": "bank_transfer",
        "payment_details": {
            "bank_name": "mandiri"
        },
        "customer_name": "testimoni",
        "customer_phone": "082233038659",
        "customer_email": "wibyjoe12@gmail.com",
        "customer_address": "mojokerto",
        "province": "Jawa Timur",
        "city": "mojokerto",
        "postal_code": "65118",
        "payment_proof": "bank_transfer_ORD-20251212-6343A0_1765520432.jpg",
        "status": "pending",
        "created_at": "2025-12-12 06:20:32"
    },
    {
        "order_id": "ORD-20251212-33749A",
        "product_id": "1",
        "product_name": "Sepatu sehari hari ",
        "product_price": 232000,
        "quantity": 1,
        "selected_size": "",
        "selected_color": "",
        "selected_other": "",
        "total_price": 247000,
        "payment_method": "bank_transfer",
        "payment_details": {
            "bank_name": "bri"
        },
        "customer_name": "testimoni",
        "customer_phone": "082233038659",
        "customer_email": "wibyjoe12@gmail.com",
        "customer_address": "mojokerto",
        "province": "Jawa Timur",
        "city": "mojokerto",
        "postal_code": "65118",
        "payment_proof": "bank_transfer_ORD-20251212-33749A_1765520556.jpg",
        "status": "pending",
        "created_at": "2025-12-12 06:22:36"
    }
]