[
    {
        "id": 1,
        "nama": "Sepatu sehari hari ",
        "harga_asli": 270000,
        "harga_diskon": 232000,
        "gambar": "uploads\/693926d3dde08_id-11134207-81ztd-mfks31gtgh708e.jpeg",
        "kategori": "Sepatu",
        "stok": 44,
        "rating": 0,
        "rating_count": 0,
        "deskripsi": "oke",
        "created_at": "2025-12-10 07:52:51",
        "updated_at": "2025-12-10 07:52:51",
        "gambar_lain": [
            "uploads\/693926d3ddf1e_whoppy-sl59-sepatu-sneakers-pria-import-free-box-foto.jpg",
            "uploads\/693926d3ddfc9_id-11134207-81ztm-mfg9rpq166mm35.jpeg"
        ],
        "varian": {
            "ukuran_detil": [
                {
                    "nama": "34",
                    "harga": 232000,
                    "stok": 23
                },
                {
                    "nama": "21",
                    "harga": 232000,
                    "stok": 21
                }
            ]
        },
        "lokasi": {
            "gudang": "Gudang garp",
            "kota": "surabaya",
            "provinsi": "jawa barat",
            "kode_pos": "10101",
            "alamat_lengkap": "blablabla"
        },
        "spesifikasi": {
            "material": "kulit",
            "warna_tersedia": "",
            "berat": 500,
            "dimensi": "20x20 cm",
            "garansi": ""
        }
    },
    {
        "id": 2,
        "nama": "jam",
        "harga_asli": 123000,
        "harga_diskon": 100000,
        "gambar": "uploads\/6939719cc8fe1_whoppy-sl59-sepatu-sneakers-pria-import-free-box-foto.jpg",
        "kategori": "Kecantikan",
        "stok": 4,
        "rating": 0,
        "rating_count": 0,
        "deskripsi": "sw",
        "created_at": "2025-12-10 13:11:56",
        "updated_at": "2025-12-10 13:11:56",
        "varian": {
            "ukuran": [
                "S",
                "M"
            ],
            "warna": [
                "HITAM",
                "PUTIH"
            ]
        },
        "lokasi": {
            "gudang": "Gudang garp",
            "kota": "jakarta",
            "provinsi": "DKi jakarta",
            "kode_pos": "10101",
            "alamat_lengkap": "sqs"
        },
        "spesifikasi": {
            "material": "",
            "warna_tersedia": "",
            "berat": 1000,
            "dimensi": "20x20 cm",
            "garansi": ""
        }
    }
]